"Year","Month","Day","Departure time","Departure delay","Arrival time","Arrival delay","Carrier","TailNum","Flight","Origin","Destination","Air Time","Distance","Hours","Minutes"
"2014","1","1","28","-2","800","-23","US","N547UW","466","PDX","CLT","251","2282","0","28"
"2014","1","1","8","13","548","-4","UA","N3429","610","PDX","IAH","201","1825","0","8"
"2014","1","1","536","1","1334","-6","UA","N574UA","478","SEA","EWR","268","2402","5","36"
"2014","1","1","527","7","917","24","UA","N75433","1576","SEA","DEN","136","1024","5","27"
"2014","1","1","558","-2","801","-2","AS","N402AS","200","SEA","SJC","100","697","5","58"
"2014","1","1","557","-3","825","-25","AS","N562AS","81","SEA","ANC","188","1448","5","57"
"2014","1","1","603","-2","755","-17","AS","N577AS","344","SEA","OAK","94","672","6","3"
"2014","1","1","602","-3","1204","7","UA","N77295","1573","PDX","ORD","203","1739","6","2"
"2014","1","1","618","-2","1135","-30","AA","N4XMAA","1650","PDX","DFW","184","1616","6","18"
"2014","1","1","617","2","850","-12","AS","N579AS","494","SEA","SAN","131","1050","6","17"
"2014","1","1","629","-9","1014","-1","UA","N566UA","883","SEA","DEN","132","1024","6","29"
"2014","1","1","624","-6","1401","-6","DL","N617DL","968","SEA","ATL","235","2182","6","24"
"2014","1","1","638","10","1408","-4","UA","N526UA","250","PDX","IAD","253","2327","6","38"
"2014","1","1","638","-2","1003","-5","AS","N508AS","646","PDX","PHX","125","1009","6","38"
"2014","1","1","648","-7","1203","-9","AS","N419AS","36","SEA","MSP","164","1399","6","48"
"2014","1","1","647","-3","1038","19","AS","N553AS","682","SEA","DEN","136","1024","6","47"
"2014","1","1","656","-4","1242","-28","AA","N3KMAA","2218","PDX","ORD","200","1739","6","56"
"2014","1","1","655","-5","1210","-7","DL","N963DN","2090","PDX","MSP","168","1426","6","55"
"2014","1","1","702","-8","940","-2","OO","N217AG","3472","SEA","LGB","130","965","7","2"
"2014","1","1","702","-3","932","-8","VX","N840VA","1780","SEA","LAX","127","954","7","2"
"2014","1","1","708","-2","1453","-20","DL","N3772H","2258","PDX","JFK","267","2454","7","8"
"2014","1","1","708","-7","1510","-19","AA","N3DNAA","236","SEA","JFK","281","2422","7","8"
"2014","1","1","715","0","944","-10","AS","N617AS","478","SEA","LAX","127","954","7","15"
"2014","1","1","713","20","1317","10","UA","N854UA","461","SEA","IAH","218","1874","7","13"
"2014","1","1","735","5","940","-9","UA","N16732","1114","SEA","SFO","104","679","7","35"
"2014","1","1","728","-2","951","-7","AS","N320AS","530","SEA","ONT","124","956","7","28"
"2014","1","1","757","52","855","45","AS","N705AS","65","SEA","KTN","100","680","7","57"
"2014","1","1","754","-6","1011","-14","AS","N706AS","568","PDX","LAX","111","834","7","54"
"2014","1","1","810","0","1604","-2","AS","N514AS","4","SEA","DCA","259","2329","8","10"
"2014","1","1","810","-10","1419","-11","AA","N3DSAA","1236","SEA","ORD","202","1721","8","10"
"2014","1","1","825","-5","1412","-3","AA","N3BDAA","312","SEA","DFW","183","1660","8","25"
"2014","1","1","824","-1","1546","-14","DL","N633DL","128","SEA","ATL","234","2182","8","24"
"2014","1","1","830","0","1206","-12","US","N667AW","440","SEA","PHX","132","1107","8","30"
"2014","1","1","829","-1","1228","-22","AS","N563AS","861","SEA","OGG","338","2640","8","29"
"2014","1","1","845","0","1640","-9","AS","N407AS","32","SEA","PHL","263","2378","8","45"
"2014","1","1","843","-2","1159","-14","US","N664AW","685","PDX","PHX","122","1009","8","43"
"2014","1","1","922","17","1718","4","AS","N423AS","8","SEA","EWR","272","2402","9","22"
"2014","1","1","919","39","1307","12","HA","N383HA","21","SEA","HNL","330","2677","9","19"
"2014","1","1","946","-4","1220","-38","AS","N793AS","131","PDX","ANC","197","1542","9","46"
"2014","1","1","944","-6","1727","-8","AS","N548AS","752","PDX","ATL","252","2172","9","44"
"2014","1","1","952","7","1345","10","AS","N609AS","644","SEA","PHX","138","1107","9","52"
"2014","1","1","952","-3","1223","-14","AS","N791AS","238","SEA","SAN","135","1050","9","52"
"2014","1","1","1005","-5","1608","2","AS","N619AS","686","PDX","ORD","222","1739","10","5"
"2014","1","1","1001","1","1157","-5","AS","N546AS","346","SEA","OAK","98","672","10","1"
"2014","1","1","1021","-9","1347","-10","AS","N318AS","640","PDX","PHX","126","1009","10","21"
"2014","1","1","1014","75","1613","81","UA","N37408","1444","SEA","ORD","201","1721","10","14"
"2014","1","1","1036","81","1408","63","OO","N218AG","3466","PDX","TUS","134","1119","10","36"
"2014","1","1","1034","14","1633","6","AS","N413AS","730","SEA","IAH","214","1874","10","34"
"2014","1","1","1052","-3","1316","-9","VX","N844VA","784","SEA","LAX","126","954","10","52"
"2014","1","1","1045","40","1303","40","AS","N614AS","580","PDX","SNA","123","859","10","45"
"2014","1","1","1102","2","1307","-13","AS","N549AS","316","SEA","SFO","98","679","11","2"
"2014","1","1","1059","44","1325","32","DL","N335NB","2189","PDX","SLC","75","630","10","59"
"2014","1","1","1113","-2","1427","-8","WN","N293WN","3042","PDX","DEN","121","991","11","13"
"2014","1","1","1113","-2","1638","-27","AA","N3GJAA","1311","SEA","DFW","184","1660","11","13"
"2014","1","1","1127","57","1400","52","OO","N824SK","4564","SEA","LAX","122","954","11","27"
"2014","1","1","1126","-4","1916","-19","US","N196UW","2019","SEA","PHL","267","2378","11","26"
"2014","1","1","1136","11","1349","19","OO","N784SK","5214","SEA","SFO","102","679","11","36"
"2014","1","1","1135","-5","1422","5","AS","N537AS","500","SEA","SNA","126","978","11","35"
"2014","1","1","1147","-3","1349","-6","OO","N693BR","3496","SEA","FAT","97","748","11","47"
"2014","1","1","1147","17","1415","24","AS","N565AS","578","PDX","SAN","119","933","11","47"
"2014","1","1","1158","6","1915","-14","DL","N6712B","1962","SEA","ATL","234","2182","11","58"
"2014","1","1","1156","0","1235","-3","OO","N237SW","5325","PDX","RDM","27","116","11","56"
"2014","1","1","1203","13","1429","14","WN","N788SA","3390","SEA","LAS","117","867","12","3"
"2014","1","1","1203","-7","1456","8","AS","N626AS","484","SEA","SAN","134","1050","12","3"
"2014","1","1","1223","-2","1625","12","AS","N523AS","648","SEA","TUS","146","1216","12","23"
"2014","1","1","1220","15","1544","9","WN","N613SW","3518","PDX","ABQ","132","1111","12","20"
"2014","1","1","1237","37","1604","14","WN","N961WN","3696","SEA","PHX","131","1107","12","37"
"2014","1","1","1235","-5","1822","-20","AS","N587AS","692","SEA","SAT","201","1774","12","35"
"2014","1","1","1243","-7","1440","0","AS","N607AS","388","PDX","SFO","86","550","12","43"
"2014","1","1","1242","70","1617","58","US","N625AW","614","SEA","PHX","134","1107","12","42"
"2014","1","1","1254","49","1524","35","OO","N925SW","6371","SEA","LAX","126","954","12","54"
"2014","1","1","1253","-7","1808","-8","DL","N964DN","2164","PDX","MSP","174","1426","12","53"
"2014","1","1","1303","28","1912","39","AS","N307AS","22","SEA","ORD","202","1721","13","3"
"2014","1","1","1302","-3","1836","-15","AS","N403AS","664","SEA","DFW","183","1660","13","2"
"2014","1","1","1310","-5","1523","-7","OO","N223AG","3478","PDX","LGB","117","846","13","10"
"2014","1","1","1309","19","1447","17","WN","N936WN","518","SEA","RNO","74","564","13","9"
"2014","1","1","1325","5","1518","-7","WN","N444WN","425","PDX","LAS","103","763","13","25"
"2014","1","1","1323","3","2102","-12","US","N199UW","1897","SEA","CLT","254","2279","13","23"
"2014","1","1","1349","10","1547","-3","UA","N79279","1299","SEA","SFO","101","679","13","49"
"2014","1","1","1347","-3","1533","-2","AS","N306AS","362","SEA","SMF","82","605","13","47"
"2014","1","1","1422","57","2047","72","AA","N3DPAA","115","PDX","ORD","200","1739","14","22"
"2014","1","1","1405","0","1619","4","AS","N579AS","318","SEA","SFO","103","679","14","5"
"2014","1","1","1438","13","1706","6","AS","N706AS","454","SEA","LAX","126","954","14","38"
"2014","1","1","1434","27","2218","8","B6","N564JB","598","SEA","BOS","269","2496","14","34"
"2014","1","1","1500","50","1633","38","WN","N217JC","3255","PDX","SJC","84","569","15","0"
"2014","1","1","1458","-7","1714","-9","AS","N627AS","528","SEA","BUR","124","937","14","58"
"2014","1","1","1520","1","1848","2","UA","N75429","1051","PDX","DEN","127","991","15","20"
"2014","1","1","1519","37","1851","41","F9","N216FR","140","SEA","DEN","136","1024","15","19"
"2014","1","1","1543","-7","1813","8","AS","N615AS","592","PDX","SNA","121","859","15","43"
"2014","1","1","1541","-4","2330","-13","AS","N419AS","14","SEA","EWR","266","2402","15","41"
"2014","1","1","1608","23","2147","17","AA","N3AMAA","2248","SEA","DFW","187","1660","16","8"
"2014","1","1","1557","92","2146","71","AA","N3CVAA","125","SEA","ORD","200","1721","15","57"
"2014","1","1","1627","17","1854","4","WN","N784SW","20","PDX","SLC","79","630","16","27"
"2014","1","1","1626","26","1821","23","AS","N756AS","338","SEA","OAK","98","672","16","26"
"2014","1","1","1637","2","1915","-5","OO","N823SK","4520","PDX","SLC","78","630","16","37"
"2014","1","1","1633","43","1849","43","AS","N788AS","588","PDX","PSP","118","873","16","33"
"2014","1","1","1708","177","2307","164","UA","N75410","1246","SEA","IAH","216","1874","17","8"
"2014","1","1","1700","0","2109","-21","AS","N562AS","899","SEA","HNL","334","2677","17","0"
"2014","1","1","1722","47","1923","40","UA","N27421","1137","SEA","SFO","102","679","17","22"
"2014","1","1","1721","66","1919","59","WN","N959WN","577","SEA","OAK","99","672","17","21"
"2014","1","1","1744","8","1842","13","OO","N229SW","5417","PDX","SEA","36","129","17","44"
"2014","1","1","1743","-2","1949","-2","OO","N219AG","3488","PDX","BUR","111","817","17","43"
"2014","1","1","1802","-3","2355","2","AS","N442AS","26","SEA","ORD","200","1721","18","2"
"2014","1","1","1759","-1","1934","-11","VX","N523VA","813","PDX","SFO","80","550","17","59"
"2014","1","1","1819","4","2051","-12","AS","N433AS","109","SEA","ANC","191","1448","18","19"
"2014","1","1","1814","-6","2222","-33","AS","N559AS","859","SEA","HNL","336","2677","18","14"
"2014","1","1","1835","105","2015","105","WN","N389SW","568","PDX","OAK","87","543","18","35"
"2014","1","1","1835","-5","2037","-8","AS","N792AS","302","SEA","SFO","101","679","18","35"
"2014","1","1","1850","-5","2027","-17","AS","N556AS","381","SEA","SMF","79","605","18","50"
"2014","1","1","1847","7","1949","6","AS","N708AS","69","SEA","KTN","99","680","18","47"
"2014","1","1","1858","-2","2056","-4","AS","N529AS","379","PDX","SFO","84","550","18","58"
"2014","1","1","1857","42","2053","33","WN","N240WN","286","SEA","SJC","100","697","18","57"
"2014","1","1","1915","10","2122","-13","WN","N697SW","1715","SEA","LAS","114","867","19","15"
"2014","1","1","1906","1","2006","12","OO","N229SW","5424","SEA","PDX","31","129","19","6"
"2014","1","1","1934","-6","2238","23","AS","N625AS","476","SEA","LAX","125","954","19","34"
"2014","1","1","1930","0","2250","-6","AS","N626AS","672","SEA","DEN","122","1024","19","30"
"2014","1","1","1954","-10","2134","-22","OO","N471CA","5659","PDX","SFO","84","550","19","54"
"2014","1","1","1949","79","2117","67","WN","N961WN","3963","PDX","OAK","76","543","19","49"
"2014","1","1","2012","-3","2219","-6","OO","N223AG","3464","PDX","ONT","110","838","20","12"
"2014","1","1","2010","-10","2347","-12","AS","N793AS","632","SEA","PHX","140","1107","20","10"
"2014","1","1","2026","-4","2226","-2","AS","N531AS","226","SEA","SJC","102","697","20","26"
"2014","1","1","2022","-3","2353","-17","US","N627AW","626","SEA","PHX","133","1107","20","22"
"2014","1","1","2108","-2","2347","-16","UA","N17229","1603","SEA","ANC","200","1448","21","8"
"2014","1","1","2058","18","2320","5","VX","N625VA","798","SEA","LAX","121","954","20","58"
"2014","1","1","2130","13","531","16","B6","N635JB","1206","PDX","JFK","274","2454","21","30"
"2014","1","1","2129","16","513","-2","UA","N73275","156","SEA","EWR","267","2402","21","29"
"2014","1","1","2202","-3","622","-18","AA","N5CSAA","1070","SEA","MIA","302","2724","22","2"
"2014","1","1","2158","-7","627","2","AS","N558AS","24","SEA","BOS","284","2496","21","58"
"2014","1","1","2222","-3","611","2","US","N181UW","1944","SEA","CLT","262","2279","22","22"
"2014","1","1","2221","-4","550","-30","US","N571UW","467","PDX","CLT","250","2282","22","21"
"2014","1","1","2259","72","659","70","B6","N505JB","498","SEA","BOS","282","2496","22","59"
"2014","1","1","2253","8","611","4","DL","N371DA","503","PDX","ATL","240","2172","22","53"
"2014","1","1","2312","13","706","7","DL","N727TW","1542","SEA","JFK","268","2422","23","12"
"2014","1","1","2306","6","9","11","AS","N627AS","698","SEA","GEG","36","224","23","6"
"2014","1","1","2356","136","137","131","AS","N587AS","372","SEA","SMF","79","605","23","56"
"2014","1","1","2355","8","540","-13","UA","N23707","1282","SEA","IAH","208","1874","23","55"
"2014","1","2","516","-4","841","-12","UA","N35407","1224","SEA","DEN","121","1024","5","16"
"2014","1","2","516","-4","854","-12","US","N622AW","460","SEA","PHX","140","1107","5","16"
"2014","1","2","552","-8","830","-18","DL","N663DN","1831","PDX","SLC","80","630","5","52"
"2014","1","2","552","-8","803","-18","AS","N409AS","604","SEA","LAS","114","867","5","52"
"2014","1","2","600","0","1156","6","AA","N3DGAA","1094","SEA","DFW","198","1660","6","0"
"2014","1","2","559","-6","750","-22","AS","N535AS","344","SEA","OAK","95","672","5","59"
"2014","1","2","606","-4","838","-12","AS","N402AS","426","SEA","LAX","123","954","6","6"
"2014","1","2","605","0","921","-19","WN","N8313F","145","SEA","DEN","119","1024","6","5"
"2014","1","2","613","3","813","-12","AS","N796AS","308","SEA","SFO","100","679","6","13"
"2014","1","2","613","-2","858","6","AS","N644AS","524","SEA","SNA","133","978","6","13"
"2014","1","2","627","5","902","-3","OO","N692CA","4693","SEA","LAX","128","954","6","27"
"2014","1","2","627","-3","1350","-7","DL","N3746H","1156","PDX","ATL","244","2172","6","27"
"2014","1","2","635","-5","1009","1","AS","N536AS","646","PDX","PHX","128","1009","6","35"
"2014","1","2","634","-6","1215","-11","AS","N551AS","668","SEA","DFW","196","1660","6","34"
"2014","1","2","642","-3","857","-11","OO","N804SK","4692","PDX","LAX","112","834","6","42"
"2014","1","2","638","-2","842","-6","OO","N218AG","3456","PDX","BUR","105","817","6","38"
"2014","1","2","649","-1","1010","-9","AS","N524AS","682","SEA","DEN","124","1024","6","49"
"2014","1","2","647","17","824","8","UA","N76503","1621","PDX","SFO","83","550","6","47"
"2014","1","2","658","-2","1051","-29","AS","N514AS","833","PDX","HNL","326","2603","6","58"
"2014","1","2","656","-4","915","-6","AS","N622AS","582","PDX","SNA","118","859","6","56"
"2014","1","2","701","1","826","-4","WN","N904WN","2885","PDX","SMF","70","479","7","1"
"2014","1","2","701","-9","903","-17","AS","N530AS","332","SEA","SJC","100","697","7","1"
"2014","1","2","705","0","809","-1","AS","N706AS","65","SEA","KTN","98","680","7","5"
"2014","1","2","705","0","917","-7","AS","N317AS","606","SEA","LAS","115","867","7","5"
"2014","1","2","712","-3","853","-7","AS","N557AS","805","SEA","SMF","82","605","7","12"
"2014","1","2","712","2","1246","-19","AA","N3HYAA","1308","SEA","DFW","192","1660","7","12"
"2014","1","2","723","8","915","-3","AS","N614AS","626","PDX","LAS","100","763","7","23"
"2014","1","2","720","-5","955","-10","AS","N563AS","240","SEA","SAN","135","1050","7","20"
"2014","1","2","741","41","1551","0","AA","N3KXAA","2218","PDX","ORD","0","1739","7","41"
"2014","1","2","734","4","928","-19","UA","N577UA","434","SEA","SFO","95","679","7","34"
"2014","1","2","750","5","849","9","OO","N585SW","5379","PDX","SEA","40","129","7","50"
"2014","1","2","750","-5","917","-23","AS","N768AS","61","SEA","JNU","131","909","7","50"
"2014","1","2","807","-4","1557","-3","UA","N585UA","419","SEA","IAD","265","2306","8","7"
"2014","1","2","806","-4","1025","-4","AS","N506AS","600","SEA","LAS","120","867","8","6"
"2014","1","2","824","-6","1222","-28","AS","N583AS","861","SEA","OGG","337","2640","8","24"
"2014","1","2","821","-4","1330","-13","DL","N591NW","895","SEA","MSP","169","1399","8","21"
"2014","1","2","834","29","1400","10","AA","N568AA","1220","PDX","DFW","189","1616","8","34"
"2014","1","2","832","-3","1639","-2","US","N654AW","553","SEA","PHL","283","2378","8","32"
"2014","1","2","843","-2","1207","-6","US","N648AW","685","PDX","PHX","130","1009","8","43"
"2014","1","2","841","6","1404","4","WN","N766SW","41","SEA","MCI","180","1489","8","41"
"2014","1","2","857","-3","1111","-9","AS","N403AS","614","SEA","LAS","117","867","8","57"
"2014","1","2","855","5","1130","0","WN","N614SW","223","PDX","SLC","84","630","8","55"
"2014","1","2","918","-2","1643","-2","DL","N3756","1940","PDX","ATL","249","2172","9","18"
"2014","1","2","917","-4","1012","-4","OO","N567SW","5428","PDX","SEA","41","129","9","17"
"2014","1","2","942","-3","1315","-20","AS","N618AS","644","SEA","PHX","138","1107","9","42"
"2014","1","2","933","-7","1703","9","DL","N341NW","2424","SEA","DTW","240","1927","9","33"
"2014","1","2","949","-6","1732","-8","AS","N516AS","764","PDX","DCA","268","2350","9","49"
"2014","1","2","948","-7","1156","-14","UA","N839UA","698","SEA","SFO","100","679","9","48"
"2014","1","2","1001","1","1158","-4","AS","N529AS","346","SEA","OAK","98","672","10","1"
"2014","1","2","1001","-4","1222","-1","AS","N619AS","580","PDX","SNA","120","859","10","1"
"2014","1","2","1021","-2","1407","52","DL","N399DA","1857","SEA","SLC","87","689","10","21"
"2014","1","2","1020","-5","1220","-10","WN","N781WN","292","SEA","SJC","103","697","10","20"
"2014","1","2","1034","5","1304","6","OO","N929SW","6518","PDX","LAX","116","834","10","34"
"2014","1","2","1034","-1","1311","-14","AS","N537AS","127","SEA","ANC","201","1448","10","34"
"2014","1","2","1048","-7","1319","-14","AS","N534AS","498","SEA","SAN","134","1050","10","48"
"2014","1","2","1044","-1","1309","-14","AS","N319AS","460","SEA","LAX","125","954","10","44"
"2014","1","2","1059","-1","1302","-18","AS","N553AS","316","SEA","SFO","98","679","10","59"
"2014","1","2","1057","2","1430","3","UA","N15710","1185","SEA","DEN","127","1024","10","57"
"2014","1","2","1109","7","1731","36","UA","N75410","1599","SEA","ORD","200","1721","11","9"
"2014","1","2","1105","-2","1151","-11","OO","N229SW","5397","PDX","SEA","37","129","11","5"
"2014","1","2","1130","0","1326","-9","WN","N436WN","3603","SEA","OAK","97","672","11","30"
"2014","1","2","1126","-4","1340","-11","AS","N586AS","578","PDX","SAN","122","933","11","26"
"2014","1","2","1146","21","1652","12","DL","N3773D","588","SEA","MSP","165","1399","11","46"
"2014","1","2","1143","-7","1339","-16","OO","N693BR","3496","SEA","FAT","97","748","11","43"
"2014","1","2","1155","3","1938","8","DL","N721TW","1962","SEA","ATL","247","2182","11","55"
"2014","1","2","1155","10","1741","1","AS","N407AS","656","SEA","AUS","207","1770","11","55"
"2014","1","2","1200","-5","1432","-17","OO","N932SW","6371","SEA","LAX","123","954","12","0"
"2014","1","2","1200","-5","1253","-7","AS","N626AS","674","SEA","GEG","37","224","12","0"
"2014","1","2","1211","66","1502","62","WN","N202WN","1101","SEA","SLC","89","689","12","11"
"2014","1","2","1207","35","1546","27","US","N602AW","614","SEA","PHX","136","1107","12","7"
"2014","1","2","1228","-2","1429","-6","AS","N708AS","312","SEA","SFO","100","679","12","28"
"2014","1","2","1221","-6","1311","-5","OO","N229SW","5342","SEA","PDX","33","129","12","21"
"2014","1","2","1236","3","1425","-1","UA","N488UA","353","PDX","SFO","84","550","12","36"
"2014","1","2","1233","19","1430","1","UA","N835UA","842","SEA","SFO","92","679","12","33"
"2014","1","2","1252","-3","1452","-5","AS","N644AS","622","PDX","LAS","102","763","12","52"
"2014","1","2","1251","-9","1755","-25","AS","N627AS","38","SEA","MSP","165","1399","12","51"
"2014","1","2","1300","10","1448","8","AS","N614AS","388","PDX","SFO","86","550","13","0"
"2014","1","2","1256","11","1536","1","AS","N442AS","113","SEA","ANC","199","1448","12","56"
"2014","1","2","1310","4","2100","0","UA","N76269","1148","SEA","IAD","262","2306","13","10"
"2014","1","2","1305","-2","1535","-9","OO","N804SK","4564","SEA","LAX","124","954","13","5"
"2014","1","2","1320","78","1909","64","UA","N479UA","277","PDX","IAH","212","1825","13","20"
"2014","1","2","1320","0","1608","-17","AS","N556AS","724","SEA","SLC","91","689","13","20"
"2014","1","2","1336","-5","1420","-14","OO","N229SW","5423","PDX","SEA","37","129","13","36"
"2014","1","2","1334","9","1617","-8","AS","N612AS","123","SEA","FAI","204","1533","13","34"
"2014","1","2","1357","-8","1715","-28","AS","N622AS","670","SEA","DEN","121","1024","13","57"
"2014","1","2","1350","0","1529","-6","AS","N530AS","362","SEA","SMF","83","605","13","50"
"2014","1","2","1413","39","1609","24","UA","N37255","1210","SEA","SFO","96","679","14","13"
"2014","1","2","1409","37","1544","19","UA","N492UA","367","PDX","SFO","79","550","14","9"
"2014","1","2","1434","-6","1814","-11","US","N157UW","2026","SEA","PHX","138","1107","14","34"
"2014","1","2","1434","33","2054","59","UA","N66803","1610","PDX","ORD","198","1739","14","34"
"2014","1","2","1452","2","1807","-18","WN","N353SW","1556","SEA","DEN","121","1024","14","52"
"2014","1","2","1452","87","2039","64","AA","N3KSAA","115","PDX","ORD","203","1739","14","52"
"2014","1","2","1508","-7","2007","-24","DL","N955DN","1770","SEA","MSP","160","1399","15","8"
"2014","1","2","1505","55","1644","49","WN","N281WN","3255","PDX","SJC","86","569","15","5"
"2014","1","2","1520","-10","1558","-14","OO","N585SW","5331","PDX","RDM","26","116","15","20"
"2014","1","2","1520","25","1835","15","WN","N480WN","735","PDX","DEN","122","991","15","20"
"2014","1","2","1543","8","1825","5","AS","N433AS","101","SEA","ANC","197","1448","15","43"
"2014","1","2","1538","-8","1807","-23","OO","N912SW","6527","SEA","LAX","129","954","15","38"
"2014","1","2","1609","0","1710","8","OO","N294SW","5404","PDX","SEA","43","129","16","9"
"2014","1","2","1604","4","1805","7","AS","N756AS","338","SEA","OAK","99","672","16","4"
"2014","1","2","1633","23","1826","11","WN","N748SW","750","PDX","LAS","100","763","16","33"
"2014","1","2","1632","-3","1901","-15","AS","N551AS","466","SEA","LAX","124","954","16","32"
"2014","1","2","1647","12","1851","8","UA","N77431","1054","SEA","SFO","97","679","16","47"
"2014","1","2","1647","13","1941","16","DL","N603DL","2079","SEA","SLC","88","689","16","47"
"2014","1","2","1715","-5","1928","-10","OO","N692CA","4684","PDX","LAX","110","834","17","15"
"2014","1","2","1715","0","1911","-9","VX","N852VA","755","SEA","SFO","101","679","17","15"
"2014","1","2","1738","-2","2150","-20","AS","N559AS","815","SEA","LIH","355","2701","17","38"
"2014","1","2","1735","-1","1830","1","OO","N229SW","5417","PDX","SEA","39","129","17","35"
"2014","1","2","1754","-6","2111","-19","US","N664AW","577","PDX","PHX","127","1009","17","54"
"2014","1","2","1748","-2","2203","1","DL","N591NW","2237","SEA","HNL","350","2677","17","48"
"2014","1","2","1806","0","2123","-10","UA","N577UA","550","PDX","DEN","120","991","18","6"
"2014","1","2","1759","-6","2335","-18","AS","N319AS","26","SEA","ORD","198","1721","17","59"
"2014","1","2","1820","0","2200","5","OO","N217AG","3498","SEA","COS","134","1068","18","20"
"2014","1","2","1819","-5","2028","-11","B6","N554JB","1621","PDX","LGB","112","846","18","19"
"2014","1","2","1836","41","1943","28","WN","N963WN","102","PDX","RNO","58","444","18","36"
"2014","1","2","1836","-9","2119","-6","AS","N564AS","480","SEA","SAN","133","1050","18","36"
"2014","1","2","1849","-6","2040","-4","AS","N519AS","381","SEA","SMF","85","605","18","49"
"2014","1","2","1845","-1","2115","-14","OO","N937SW","6422","SEA","LAX","126","954","18","45"
"2014","1","2","1854","-1","2103","5","AS","N530AS","328","SEA","SJC","104","697","18","54"
"2014","1","2","1853","38","2100","40","WN","N757LV","286","SEA","SJC","104","697","18","53"
"2014","1","2","1910","425","2230","410","WN","N8621A","4183","SEA","DEN","121","1024","19","10"
"2014","1","2","1910","40","2047","37","WN","N647SW","2448","PDX","SJC","87","569","19","10"
"2014","1","2","1927","-8","2145","-12","AS","N568AS","520","SEA","BUR","117","937","19","27"
"2014","1","2","1925","-5","2245","-11","AS","N618AS","672","SEA","DEN","123","1024","19","25"
"2014","1","2","1945","40","2223","58","WN","N358SW","1715","SEA","LAS","120","867","19","45"
"2014","1","2","1941","-4","2158","-21","AS","N626AS","518","SEA","SNA","125","978","19","41"
"2014","1","2","2008","-7","2310","10","AS","N431AS","111","SEA","ANC","217","1448","20","8"
"2014","1","2","2006","-14","2348","-11","AS","N788AS","632","SEA","PHX","142","1107","20","6"
"2014","1","2","2015","11","2201","8","OO","N712SK","5210","PDX","SFO","85","550","20","15"
"2014","1","2","2013","-2","2216","-9","OO","N215AG","3464","PDX","ONT","107","838","20","13"
"2014","1","2","2037","-4","2252","-2","OO","N975SW","6426","SEA","SFO","104","679","20","37"
"2014","1","2","2035","-10","0","0","AS","N560AS","574","PDX","SAN","0","933","20","35"
"2014","1","2","2100","-5","0","0","AS","N537AS","488","SEA","SAN","0","1050","21","0"
"2014","1","2","2059","105","2255","85","UA","N37437","1674","SEA","SFO","97","679","20","59"
"2014","1","2","2128","18","24","21","UA","N68453","1603","SEA","ANC","215","1448","21","28"
"2014","1","2","2126","-4","28","11","AS","N413AS","731","SEA","ANC","216","1448","21","26"
"2014","1","2","2217","-8","126","1","AS","N590AS","145","PDX","ANC","232","1542","22","17"
"2014","1","2","2207","2","645","5","AA","N624AA","1070","SEA","MIA","315","2724","22","7"
"2014","1","2","2254","5","435","-12","UA","N37409","1617","SEA","ORD","191","1721","22","54"
"2014","1","2","2227","2","604","-5","US","N184US","1944","SEA","CLT","255","2279","22","27"
"2014","1","2","2307","110","1213","0","B6","N635JB","1206","PDX","JFK","0","2454","23","7"
"2014","1","2","2305","33","503","25","UA","N37252","1129","SEA","IAH","215","1874","23","5"
"2014","1","2","2341","-9","511","-24","AS","N423AS","660","SEA","DFW","189","1660","23","41"
"2014","1","2","2339","129","140","129","AS","N611AS","624","PDX","LAS","102","763","23","39"
"2014","1","3","517","-3","848","-18","US","N626AW","460","SEA","PHX","132","1107","5","17"
"2014","1","3","516","-5","722","-14","OO","N932SW","5639","SEA","SFO","94","679","5","16"
"2014","1","3","540","0","853","-14","UA","N38417","1569","PDX","DEN","115","991","5","40"
"2014","1","3","534","-1","1346","6","UA","N574UA","261","SEA","EWR","287","2402","5","34"
"2014","1","3","555","-5","800","-3","AS","N431AS","200","SEA","SJC","95","697","5","55"
"2014","1","3","554","-11","911","-27","F9","N220FR","144","SEA","DEN","117","1024","5","54"
"2014","1","3","559","-1","737","-8","WN","N764SW","1461","PDX","OAK","79","543","5","59"
"2014","1","3","559","-1","1137","-13","AA","N3EEAA","1094","SEA","DFW","189","1660","5","59"
"2014","1","3","609","-6","836","-26","AS","N513AS","494","SEA","SAN","131","1050","6","9"
"2014","1","3","605","-5","848","-2","AS","N317AS","426","SEA","LAX","129","954","6","5"
"2014","1","3","628","-2","1350","-18","DL","N681DA","968","SEA","ATL","242","2182","6","28"
"2014","1","3","626","-4","1350","-7","DL","N3738B","1156","PDX","ATL","248","2172","6","26"
"2014","1","3","637","-3","853","-10","AS","N315AS","232","PDX","SAN","115","933","6","37"
"2014","1","3","634","19","819","-1","VX","N521VA","751","SEA","SFO","89","679","6","34"
"2014","1","3","644","-1","817","-18","WN","N623SW","2537","SEA","SMF","76","605","6","44"
"2014","1","3","644","-1","842","-8","WN","N723SW","247","PDX","LAS","102","763","6","44"
"2014","1","3","657","-13","913","-15","AS","N409AS","222","SEA","SFO","95","679","6","57"
"2014","1","3","656","-4","1149","-21","DL","N810DN","2314","SEA","MSP","158","1399","6","56"
"2014","1","3","706","-4","1235","-30","AA","N3HYAA","1308","SEA","DFW","190","1660","7","6"
"2014","1","3","705","-5","920","0","AS","N529AS","332","SEA","SJC","100","697","7","5"
"2014","1","3","709","-1","1000","18","OO","N216AG","3472","SEA","LGB","154","965","7","9"
"2014","1","3","708","8","1659","112","DL","N718TW","418","SEA","JFK","267","2422","7","8"
"2014","1","3","718","18","1003","-2","AS","N523AS","726","SEA","SLC","81","689","7","18"
"2014","1","3","715","0","913","-5","AS","N619AS","626","PDX","LAS","99","763","7","15"
"2014","1","3","726","-4","945","-13","AS","N305AS","530","SEA","ONT","117","956","7","26"
"2014","1","3","722","37","947","42","AS","N408AS","560","PDX","LAX","110","834","7","22"
"2014","1","3","747","7","1311","-9","WN","N968WN","3872","SEA","MKE","186","1694","7","47"
"2014","1","3","744","-1","854","14","OO","N582SW","5379","PDX","SEA","47","129","7","44"
"2014","1","3","759","-1","1117","28","AS","N760AS","83","SEA","ANC","238","1448","7","59"
"2014","1","3","758","-7","1330","-20","AA","N4WJAA","1220","PDX","DFW","187","1616","7","58"
"2014","1","3","805","-5","1548","-18","AS","N526AS","4","SEA","DCA","262","2329","8","5"
"2014","1","3","804","-6","1022","-7","AS","N585AS","600","SEA","LAS","114","867","8","4"
"2014","1","3","822","-8","1402","-19","AS","N440AS","28","SEA","ORD","194","1721","8","22"
"2014","1","3","822","2","1359","-31","AA","N3DRAA","1236","SEA","ORD","194","1721","8","22"
"2014","1","3","839","-1","1706","-17","AS","N531AS","34","SEA","FLL","312","2717","8","39"
"2014","1","3","834","-1","1059","-15","AS","N625AS","502","SEA","SNA","126","978","8","34"
"2014","1","3","858","8","1130","0","WN","N456WN","223","PDX","SLC","81","630","8","58"
"2014","1","3","857","-3","1101","-19","AS","N442AS","614","SEA","LAS","108","867","8","57"
"2014","1","3","918","-2","1644","-1","DL","N3747D","1940","PDX","ATL","253","2172","9","18"
"2014","1","3","914","24","1330","55","WN","N687SW","445","SEA","ABQ","138","1180","9","14"
"2014","1","3","940","-5","1315","-20","AS","N792AS","644","SEA","PHX","134","1107","9","40"
"2014","1","3","933","3","1119","-4","OO","N758SK","5196","PDX","SFO","79","550","9","33"
"2014","1","3","955","0","1148","-18","AS","N796AS","314","SEA","SFO","97","679","9","55"
"2014","1","3","951","-4","1229","-8","AS","N318AS","238","SEA","SAN","141","1050","9","51"
"2014","1","3","1013","-2","1425","5","HA","N391HA","25","PDX","HNL","340","2603","10","13"
"2014","1","3","1005","0","1222","-1","AS","N615AS","580","PDX","SNA","115","859","10","5"
"2014","1","3","1023","8","1546","-18","AS","N579AS","658","PDX","DFW","183","1616","10","23"
"2014","1","3","1021","6","1509","29","AS","N589AS","843","SEA","KOA","361","2688","10","21"
"2014","1","3","1032","3","1255","-3","OO","N479CA","6518","PDX","LAX","114","834","10","32"
"2014","1","3","1031","1","1529","-21","AS","N323AS","762","SEA","MCI","161","1489","10","31"
"2014","1","3","1050","0","1311","-16","OO","N807SK","4613","SEA","LAX","121","954","10","50"
"2014","1","3","1044","119","1634","114","UA","N39461","1142","PDX","ORD","193","1739","10","44"
"2014","1","3","1103","-4","1204","2","OO","N290SW","5397","PDX","SEA","47","129","11","3"
"2014","1","3","1055","20","1351","26","AS","N566AS","127","SEA","ANC","220","1448","10","55"
"2014","1","3","1115","-5","1522","-13","AS","N586AS","809","PDX","OGG","345","2562","11","15"
"2014","1","3","1112","10","1652","-3","UA","N35407","1599","SEA","ORD","199","1721","11","12"
"2014","1","3","1128","8","1445","-9","OO","N952SW","5576","PDX","DEN","116","991","11","28"
"2014","1","3","1127","27","1443","13","WN","N365SW","1537","PDX","PHX","125","1009","11","27"
"2014","1","3","1150","-5","1719","-17","AS","N556AS","754","SEA","STL","193","1709","11","50"
"2014","1","3","1149","-1","1339","-16","OO","N693BR","3496","SEA","FAT","92","748","11","49"
"2014","1","3","1204","-1","1255","-5","AS","N799AS","674","SEA","GEG","37","224","12","4"
"2014","1","3","1203","-7","1428","-20","AS","N626AS","484","SEA","SAN","131","1050","12","3"
"2014","1","3","1212","22","1438","23","WN","N401WN","3390","SEA","LAS","110","867","12","12"
"2014","1","3","1212","-3","1402","-20","AS","N552AS","324","SEA","SJC","95","697","12","12"
"2014","1","3","1231","65","1809","49","UA","N445UA","646","PDX","ORD","189","1739","12","31"
"2014","1","3","1225","-2","1315","-1","OO","N290SW","5342","SEA","PDX","32","129","12","25"
"2014","1","3","1239","49","1449","39","OO","N617QX","4469","PDX","LAX","109","834","12","39"
"2014","1","3","1239","69","1419","44","WN","N767SW","3603","SEA","OAK","84","672","12","39"
"2014","1","3","1255","-5","1516","-19","AS","N708AS","554","SEA","PSP","127","987","12","55"
"2014","1","3","1250","-5","1500","3","AS","N619AS","622","PDX","LAS","103","763","12","50"
"2014","1","3","1305","0","1832","-19","AS","N548AS","664","SEA","DFW","186","1660","13","5"
"2014","1","3","1301","106","1617","102","WN","N912WN","3042","PDX","DEN","118","991","13","1"
"2014","1","3","1315","0","2056","6","DL","N1611B","1260","SEA","ATL","245","2182","13","15"
"2014","1","3","1313","-2","1549","-21","DL","N3752","2157","SEA","SLC","78","689","13","13"
"2014","1","3","1333","13","1605","3","DL","N395DN","2093","PDX","SLC","77","630","13","33"
"2014","1","3","1333","8","1937","2","AA","N3HAAA","115","PDX","ORD","212","1739","13","33"
"2014","1","3","1343","73","1521","66","WN","N294WN","2315","SEA","SMF","74","605","13","43"
"2014","1","3","1340","34","2116","16","UA","N17244","1148","SEA","IAD","251","2306","13","40"
"2014","1","3","1356","146","2151","136","US","N105UW","2019","SEA","PHL","266","2378","13","56"
"2014","1","3","1355","35","1640","15","AS","N525AS","724","SEA","SLC","85","689","13","55"
"2014","1","3","1413","3","1741","-11","AS","N513AS","652","SEA","PHX","130","1107","14","13"
"2014","1","3","1407","0","2154","-16","B6","N623JB","598","SEA","BOS","273","2496","14","7"
"2014","1","3","1426","4","2047","29","UA","N449UA","998","SEA","ORD","194","1721","14","26"
"2014","1","3","1425","60","2140","47","DL","N804DN","773","PDX","ATL","242","2172","14","25"
"2014","1","3","1441","136","1605","115","WN","N636WN","426","PDX","OAK","72","543","14","41"
"2014","1","3","1440","65","1612","57","WN","N218WN","578","PDX","OAK","79","543","14","40"
"2014","1","3","1452","-3","1618","25","AS","N793AS","67","SEA","KTN","127","680","14","52"
"2014","1","3","1449","12","1805","0","F9","N910FR","140","SEA","DEN","118","1024","14","49"
"2014","1","3","1506","56","1637","42","WN","N916WN","3255","PDX","SJC","81","569","15","6"
"2014","1","3","1500","50","2233","37","AS","N549AS","2","SEA","DCA","256","2329","15","0"
"2014","1","3","1535","130","1724","119","WN","N464WN","1356","SEA","OAK","95","672","15","35"
"2014","1","3","1535","0","2056","-14","AA","N201AA","157","PDX","DFW","182","1616","15","35"
"2014","1","3","1548","3","2340","-3","AS","N435AS","14","SEA","EWR","271","2402","15","48"
"2014","1","3","1547","52","1856","36","WN","N488WN","735","PDX","DEN","115","991","15","47"
"2014","1","3","1623","-2","1825","-10","OO","N215AG","3462","PDX","ONT","110","838","16","23"
"2014","1","3","1558","35","1912","18","UA","N810UA","457","SEA","DEN","116","1024","15","58"
"2014","1","3","1634","-1","1852","-24","AS","N560AS","466","SEA","LAX","118","954","16","34"
"2014","1","3","1631","-3","1920","-5","DL","N699DL","2079","SEA","SLC","80","689","16","31"
"2014","1","3","1647","118","2000","111","F9","N203FR","792","PDX","DEN","118","991","16","47"
"2014","1","3","1646","36","1839","24","WN","N783SW","750","PDX","LAS","96","763","16","46"
"2014","1","3","1713","-2","1904","-16","VX","N847VA","755","SEA","SFO","91","679","17","13"
"2014","1","3","1709","119","2110","135","WN","N710SW","1374","SEA","PHX","132","1107","17","9"
"2014","1","3","1730","-7","1945","-23","B6","N637JB","1007","SEA","LGB","120","965","17","30"
"2014","1","3","1724","89","2006","76","WN","N719SW","3932","SEA","SLC","83","689","17","24"
"2014","1","3","1742","-2","2107","-9","UA","N36272","1576","SEA","DEN","123","1024","17","42"
"2014","1","3","1739","-6","1954","-7","AS","N528AS","562","PDX","LAX","108","834","17","39"
"2014","1","3","1812","-3","2105","2","AS","N320AS","109","SEA","ANC","217","1448","18","12"
"2014","1","3","1810","20","2210","8","DL","N593NW","2237","SEA","HNL","338","2677","18","10"
"2014","1","3","1825","0","2044","-23","AS","N552AS","464","SEA","LAX","116","954","18","25"
"2014","1","3","1823","113","1952","97","WN","N774SW","1168","SEA","SMF","72","605","18","23"
"2014","1","3","1838","38","2013","28","VX","N524VA","813","PDX","SFO","77","550","18","38"
"2014","1","3","1838","-7","2059","-26","AS","N517AS","480","SEA","SAN","120","1050","18","38"
"2014","1","3","1849","-11","2059","-1","AS","N760AS","379","PDX","SFO","80","550","18","49"
"2014","1","3","1847","32","2042","22","WN","N701GS","286","SEA","SJC","93","697","18","47"
"2014","1","3","1854","-1","2052","-6","AS","N706AS","328","SEA","SJC","91","697","18","54"
"2014","1","3","1853","-7","2102","-28","OO","N935SW","6250","PDX","LAX","106","834","18","53"
"2014","1","3","1929","-6","2142","-15","AS","N618AS","520","SEA","BUR","113","937","19","29"
"2014","1","3","1927","-1","2105","-16","UA","N481UA","369","PDX","SFO","74","550","19","27"
"2014","1","3","1942","0","2020","-2","OO","N583SW","5403","PDX","EUG","24","106","19","42"
"2014","1","3","1940","-5","2151","-28","AS","N558AS","518","SEA","SNA","117","978","19","40"
"2014","1","3","1958","-6","2129","-24","OO","N738SK","5210","PDX","SFO","75","550","19","58"
"2014","1","3","1958","88","2138","88","WN","N646SW","2448","PDX","SJC","80","569","19","58"
"2014","1","3","2013","-7","2332","-24","US","N647AW","581","PDX","PHX","120","1009","20","13"
"2014","1","3","2010","-5","2156","-22","OO","N693BR","3490","SEA","FAT","87","748","20","10"
"2014","1","3","2032","142","2317","132","DL","N658DL","2150","SEA","SLC","78","689","20","32"
"2014","1","3","2029","149","2326","116","US","N625AW","577","PDX","PHX","101","1009","20","29"
"2014","1","3","2046","26","4","5","AS","N525AS","632","SEA","PHX","125","1107","20","46"
"2014","1","3","2046","-4","2303","-11","AS","N609AS","536","SEA","ONT","116","956","20","46"
"2014","1","3","2121","-9","2316","-15","AS","N625AS","624","PDX","LAS","98","763","21","21"
"2014","1","3","2114","9","2338","-2","AS","N538AS","488","SEA","SAN","129","1050","21","14"
"2014","1","3","2138","-2","2352","-22","AS","N323AS","450","SEA","LAX","115","954","21","38"
"2014","1","3","2136","55","2345","51","OO","N920SW","6426","SEA","SFO","93","679","21","36"
"2014","1","3","2200","80","53","98","VX","N624VA","798","SEA","LAX","117","954","22","0"
"2014","1","3","2158","178","337","143","UA","N486UA","672","SEA","IAH","199","1874","21","58"
"2014","1","3","2222","-3","2259","-6","OO","N583SW","5353","PDX","EUG","23","106","22","22"
"2014","1","3","2219","364","6","346","WN","N457WN","912","SEA","OAK","88","672","22","19"
"2014","1","3","2238","0","629","2","UA","N558UA","583","PDX","EWR","270","2434","22","38"
"2014","1","3","2233","123","2354","119","WN","N7715E","1546","PDX","SMF","67","479","22","33"
"2014","1","3","2306","2","447","-13","UA","N24715","1602","PDX","ORD","203","1739","23","6"
"2014","1","3","2256","-4","2353","-5","AS","N767AS","698","SEA","GEG","40","224","22","56"
"2014","1","3","2338","38","227","42","AS","N413AS","103","SEA","ANC","210","1448","23","38"
"2014","1","3","2329","62","716","47","UA","N81449","156","SEA","EWR","263","2402","23","29"
"2014","1","4","343","285","1154","299","B6","N706JB","264","SEA","JFK","281","2422","3","43"
"2014","1","4","145","68","703","80","DL","N3758Y","2092","SEA","MSP","167","1399","1","45"
"2014","1","4","532","11","1106","0","OO","N962SW","5268","SEA","SFO","0","679","5","32"
"2014","1","4","528","-7","732","6","UA","N37413","1621","PDX","SFO","93","550","5","28"
"2014","1","4","600","0","839","-8","DL","N374NW","1831","PDX","SLC","83","630","6","0"
"2014","1","4","558","-2","1147","-23","AA","N3KVAA","2240","SEA","ORD","201","1721","5","58"
"2014","1","4","608","-2","849","-1","AS","N769AS","426","SEA","LAX","136","954","6","8"
"2014","1","4","608","8","1131","-19","AA","N3FGAA","1094","SEA","DFW","180","1660","6","8"
"2014","1","4","623","1","922","17","OO","N822SK","4693","SEA","LAX","148","954","6","23"
"2014","1","4","619","-1","1432","1","UA","N68452","1082","PDX","EWR","280","2434","6","19"
"2014","1","4","635","-5","859","-16","AS","N607AS","556","SEA","PSP","127","987","6","35"
"2014","1","4","633","23","1222","0","UA","N77430","1101","SEA","IAH","204","1874","6","33"
"2014","1","4","642","-3","918","13","AS","N791AS","560","PDX","LAX","111","834","6","42"
"2014","1","4","641","1","1200","0","WN","N7702A","1076","PDX","MCI","179","1482","6","41"
"2014","1","4","657","2","1204","-8","AS","N403AS","36","SEA","MSP","172","1399","6","57"
"2014","1","4","656","-4","906","21","UA","N804UA","392","PDX","SFO","116","550","6","56"
"2014","1","4","700","0","1512","5","DL","N703TW","418","SEA","JFK","271","2422","7","0"
"2014","1","4","659","-6","919","-5","AS","N523AS","606","SEA","LAS","107","867","6","59"
"2014","1","4","705","0","939","-1","VX","N628VA","1780","SEA","LAX","127","954","7","5"
"2014","1","4","704","4","1223","3","DL","N906DA","2090","PDX","MSP","181","1426","7","4"
"2014","1","4","712","-8","1117","-25","AS","N514AS","855","PDX","KOA","348","2607","7","12"
"2014","1","4","708","-2","909","-11","AS","N593AS","332","SEA","SJC","94","697","7","8"
"2014","1","4","715","0","1519","-10","AA","N3ETAA","236","SEA","JFK","270","2422","7","15"
"2014","1","4","713","-2","1034","17","DL","N327NB","2397","SEA","SLC","83","689","7","13"
"2014","1","4","721","1","1055","-13","AS","N713AS","642","SEA","PHX","127","1107","7","21"
"2014","1","4","717","2","904","4","AS","N516AS","805","SEA","SMF","75","605","7","17"
"2014","1","4","743","8","916","-9","WN","N932WN","2356","SEA","SMF","78","605","7","43"
"2014","1","4","728","-2","958","11","UA","N569UA","294","SEA","SFO","123","679","7","28"
"2014","1","4","801","1","1105","16","AS","N585AS","83","SEA","ANC","212","1448","8","1"
"2014","1","4","759","-1","1114","-16","WN","N918WN","1456","PDX","PHX","120","1009","7","59"
"2014","1","4","811","1","1017","-12","AS","N581AS","600","SEA","LAS","109","867","8","11"
"2014","1","4","810","-5","1328","-5","DL","N927DN","2154","PDX","MSP","178","1426","8","10"
"2014","1","4","824","-1","1333","-10","DL","N587NW","895","SEA","MSP","166","1399","8","24"
"2014","1","4","823","138","1150","132","F9","N221FR","144","SEA","DEN","126","1024","8","23"
"2014","1","4","836","16","1044","-1","WN","N8312C","1004","SEA","LAS","114","867","8","36"
"2014","1","4","833","103","1211","112","AS","N615AS","682","SEA","DEN","124","1024","8","33"
"2014","1","4","849","4","1705","16","AS","N442AS","32","SEA","PHL","290","2378","8","49"
"2014","1","4","844","19","1614","13","DL","N6708D","128","SEA","ATL","237","2182","8","44"
"2014","1","4","909","-1","1146","-1","AS","N624AS","558","SEA","PSP","126","987","9","9"
"2014","1","4","907","2","1718","4","AS","N433AS","8","SEA","EWR","269","2402","9","7"
"2014","1","4","926","5","1020","4","OO","N294SW","5428","PDX","SEA","39","129","9","26"
"2014","1","4","926","46","1805","42","AS","N520AS","34","SEA","FLL","319","2717","9","26"
"2014","1","4","952","17","1755","0","AS","N556AS","12","SEA","BOS","277","2496","9","52"
"2014","1","4","946","6","1652","-2","DL","N368NW","2424","SEA","DTW","220","1927","9","46"
"2014","1","4","1008","-2","1607","1","AS","N619AS","686","PDX","ORD","209","1739","10","8"
"2014","1","4","1001","6","1231","-6","AS","N760AS","238","SEA","SAN","134","1050","10","1"
"2014","1","4","1022","-8","1340","-17","AS","N796AS","640","PDX","PHX","121","1009","10","22"
"2014","1","4","1011","-4","1407","-13","HA","N384HA","25","PDX","HNL","338","2603","10","11"
"2014","1","4","1034","5","1256","-2","OO","N948SW","6518","PDX","LAX","111","834","10","34"
"2014","1","4","1033","-2","1336","11","AS","N569AS","127","SEA","ANC","210","1448","10","33"
"2014","1","4","1045","0","1309","-14","AS","N323AS","460","SEA","LAX","123","954","10","45"
"2014","1","4","1043","-7","1311","-16","OO","N549CA","4613","SEA","LAX","121","954","10","43"
"2014","1","4","1112","5","1213","11","OO","N583SW","5397","PDX","SEA","40","129","11","12"
"2014","1","4","1107","77","1255","60","VX","N523VA","753","SEA","SFO","96","679","11","7"